{"inventory_adjustment": 10, "downward_labour_adjustment": 0.025, "upward_labour_adjustment": 0.02, "consumption_adjustment": 0.6, "initial_total_labour_compensation": 7.808017375413883, "total_labour_compensation": 7.808017375413883, "total_permanent_labour_compensation": 7.808017375413883, "Labour_share": [0.0311739220710285, 0.04279119250669194, 0.23240045111966806], "initial_industry_labour_comp": [3.037514100459181, 1.851528934832899, 2.9189743401218036], "IO_matrix": [[0.05778578791509641, 0.021131506487377844, 0.021082705597525755], [0.07963256184540826, 0.009227429921726402, 0.011140008232865338], [0.024753445165838158, 0.01577491605240087, 0.05947163878176097]], "initial_labour_constrained_outputs": 97.4376625930587}